cnpj,pasta,download_individual,local_nfe,state_imported_nfe,gap_nfe,local_cte,state_imported_cte,gap_cte
59957415000109,0001_PAULICON_CONTABIL_LTDA,NAO,1,7,0,0,2,0
01384222000118,0023_ENGEMETAL_MONTAGENS_LTDA,SIM,0,30,0,0,7,0
71630800000134,0026_ITAMAMBUCA_ABC_TRANSPORTE_LTDA,NAO,0,18,0,0,45,0
01604588000155,0031_BOZZI_LOGISTICA_E_TRANSPORTE_LTDA,NAO,0,203,0,0,787,0
11405714000104,0328_SANTOSLOG_LOGISTICA_LTDA,NAO,0,0,0,0,0,0
48584510000180,0033_PAN_METAL_INDUSTRIA_METALURGICA_LTDA,NAO,0,0,0,0,0,0
11440440000186,0337_LOCFASS_LOCACAO_E_SERVICOS_LTDA,NAO,0,0,0,0,0,0
67180224000101,0048_SIND_DAS_EMPRESAS_DE_TRANSP_DE_CARGA_DO_ABC,NAO,0,12,0,0,7,0
50147271000142,0052_AUTEL_AUTO_ELETRICA_E_COMERCIO_DE_PECAS_E_ACESSORIOS_LTDA,NAO,0,3,0,0,0,0
60140332000101,0056_TRANSPORTADORA_TITAS_LTDA,NAO,0,0,0,0,0,0
63984066000183,0058_EMME_COMERCIAL_LTDA,NAO,0,16,0,0,122,0
51129237000108,0060_TRANS-DI_TRANSPORTES_LTDA,SIM,0,214,0,0,991,0
07272709000195,0072_CIRLOG_LOGISTICA_LTDA,NAO,0,117,0,0,0,0
31624784000152,0773_ILOGIK_TRANSPORTES_E_LOGISTICA_LTDA,NAO,0,22,0,0,197,0
55765309000164,0079_FERO_TRANSPORTES_GERAIS_LTDA,NAO,0,0,0,0,68,0
07363312000109,0084_ZEUS_SISTEMAS_LTDA_-_ME,NAO,0,0,0,0,0,0
49527443000124,0090_PAULICEIA_COMERCIO_DE_PNEUS_LTDA,NAO,0,27,0,0,2,0
48602650000133,0093_REVESP_TRANSPORTES_E_SERVICOS_LTDA,NAO,0,85,0,0,440,0
36684309000195,1001_HCP9_PARTICIPACOES_LTDA,NAO,0,1,0,0,0,0
41252352000111,1002_F_R_TONIN_INTERMEDIACOES_COMERCIAIS,NAO,0,0,0,0,0,0
09082724000287,1003_DCAN_TRANSPORTES_LTDA,NAO,0,0,0,0,0,0
51129237000450,1006_TRANS-DI_TRANSPORTES_LTDA,SIM,0,292,0,0,0,0
05912214000158,1007_RAI_-_REDE_DE_ARMAZENS_INTEGRADOS_LTDA.,SIM,0,2040,0,0,74,0
33315565000117,1008_WALCAR_-_ADMINISTRADORA_DE_BENS_PROPRIOS_S/A,NAO,0,0,0,0,0,0
10713646000170,1015_TRANSROSSI_LOGISTICA_E_TRANSPORTES_LTDA,NAO,0,8,0,0,270,0
33899204001218,1016_COMTRASIL_COMERCIO_E_TRANSPORTES_LTDA,NAO,0,256,0,0,105,0
09330225000180,1020_PROKARGO_TRANSPORTES_LOGISTICA_E_ARMAZENS_GERAIS_LTDA,NAO,0,0,0,0,0,0
27751050000167,1021_3D_PRIME_SOLUCOES_EM_IMPRESSAO_3D_INDUSTRIA_E_COMERCIO_LTDA,SIM,0,86,0,0,67,0
51212160000135,"1022_ATG_LOCACAO,_MANUTENCAO_E_COMERCIO_DE_GERADORES_LTDA",NAO,0,40,0,0,2,0
07638033000100,1023_PRECISO_TRANSPORTES_E_LOGISTICA_LTDA,NAO,0,13,0,0,0,0
51768503000142,1024_PANMACHINE_INSTALACAO_DE_MAQUINAS_E_EQUIPAMENTOS_INDUSTRIAIS_LTDA,NAO,0,3,0,0,3,0
12703573000403,1025_BR_BULK_LOGISTICA_E_TRANSPORTES_LTDA.,NAO,0,0,0,0,0,0
44363657000270,1028_AGREGALOG_TRANSPORTES_LTDA,NAO,0,0,0,0,0,0
05451797000590,1029_GREEN_ROAD_SOLUCOES_LOGISTICAS_LTDA,NAO,0,0,0,0,0,0
02942562000180,0103_PAULICON_CONSULTORIA_ADMINISTRATIVA_LTDA_ME,NAO,0,13,0,0,1,0
48994729000157,1030_PEME_TRANSPORTES_E_SERVICOS_LTDA,NAO,0,1,0,0,0,0
01200743000178,1044_EXPERT_TRANSPORTES_E_LOGISTICA_LTDA,SIM,0,79,0,0,754,0
01200743000259,1045_EXPERT_TRANSPORTES_E_LOGISTICA_LTDA,NAO,0,3,0,0,11,0
41929361000102,1046_ARB_TRANSPORTES_E_LOGISTICA_LTDA,SIM,0,0,0,0,1167,0
08858785002274,1047_MAFRO_TRANSPORTES_LTDA,NAO,0,5,0,0,6,0
35848640000211,1048_HEXALOG_LOGISTICA_E_TRANSPORTES_LTDA,NAO,0,2,0,0,0,0
19429088000351,1049_PIORELO_PARTICIPACOES_LTDA,NAO,0,0,0,0,0,0
06102153000126,0105_PASY_TRANSPORTES_LTDA,NAO,0,0,0,0,0,0
52685950000109,1050_FANTIN_PARTICIPACOES_LTDA,NAO,0,0,0,0,0,0
51867436000113,1051_LARALEON_PARTICIPACOES_LTDA,NAO,0,0,0,0,0,0
04250055000100,1052_VAYO_TRANSPORTES_LTDA,NAO,0,0,0,0,0,0
02502762000111,1053_ALDEBARAN_DE_SANTOS_TRANSPORTES_LTDA,NAO,0,0,0,0,205,0
02502762000383,1054_ALDEBARAN_DE_SANTOS_TRANSPORTES_LTDA.,NAO,0,0,0,0,212,0
27220095000105,1055_ALDEBARAN_LOGISTICA_INTEGRADA_LTDA.,NAO,0,0,0,0,39,0
27220095000296,1056_ALDEBARAN_LOGISTICA_INTEGRADA_LTDA.,NAO,0,0,0,0,66,0
23036760000154,1057_EXXEGESE_TRANSPORTE_E_LOGISTICA_LTDA,NAO,0,0,0,0,0,0
03314552000162,1058_ADDTECH_TECNOLOGIA_LTDA,SIM,0,859,0,0,56,0
28257646000178,1059_ADDTRONIC_LTDA,NAO,0,4,0,0,0,0
48401093000192,1060_NASCIMENTO_ASSESSORIA_ADMINISTRATIVA_E_FINANCEIRA_LTDA,NAO,0,0,0,0,0,0
33211119000162,1061_SIGA_TRANSPORTES_RODOVIARIOS_LTDA,SIM,0,3,0,0,3487,0
33211119000243,1062_SIGA_TRANSPORTES_RODOVIARIOS_LTDA,SIM,0,0,0,0,2613,0
33211119000324,1063_SIGA_TRANSPORTES_RODOVIARIOS_LTDA,NAO,0,0,0,0,6,0
33211119000405,1064_SIGA_TRANSPORTES_RODOVIARIOS_LTDA,NAO,0,0,0,0,394,0
33211119000596,1065_SIGA_TRANSPORTES_RODOVIARIOS_LTDA,NAO,0,0,0,0,0,0
49129329000146,1066_VIA_CARGAS_TRANSPORTES_LTDA,SIM,0,1,0,0,20675,0
13714559000125,1067_SETA_TRANSPORTES_E_LOGISTICA_LTDA,NAO,0,0,0,0,0,0
08693630000109,1068_POCOPETEZ_TRANSPORTADORA_LTDA,NAO,0,0,0,0,0,0
24960415000175,1070_AGILINK_TRANSPORTE_RODOVIARIO_LTDA,NAO,0,5,0,0,187,0
07549771000181,1071_RUCHER_TRANSPORTES_LTDA,NAO,0,17,0,0,194,0
56697287000377,1072_ANAMAR_COMERCIO_E_TRANSPORTES_LTDA,NAO,0,24,0,0,138,0
54095916000100,1083_LINIA_TECNOLOGIA_LTDA,NAO,0,3,0,0,2,0
42977203000182,1086_A_R_L_LIMA_TRANSPORTES_RODOVIARIO_LTDA,SIM,0,316,0,0,325,0
42977203000263,1108_A_R_L_LIMA_TRANSPORTES_RODOVIARIO_LTDA,NAO,0,4,0,0,0,0
29072328000103,1109_PROGRAME_TRANSPORTES_LTDA,NAO,0,93,0,0,220,0
46640456000117,1110_MHE9_PATRIMONIAL_LTDA,NAO,0,0,0,0,0,0
03349915001177,1111_JAT_TRANSPORTES_E_LOGISTICA_S.A,NAO,0,175,0,0,0,0
50398964000108,1112_LGVAZ_TRANSPORTES_LTDA,NAO,0,0,0,0,0,0
33736667000106,1113_MILIAN_HOLDING_PARTICIPACOES_E_ADMINISTRACAO_DE_BENS_PROPRIOS_LTDA,NAO,0,0,0,0,0,0
29715972000144,1114_BORELLY_TRANSPORTES_RODOVIARIOS_LTDA,NAO,0,0,0,0,0,0
47015614000100,1115_KRLA_HOLDING_PARTICIPACOES_E_ADMINISTRACAO_DE_BENS_PROPRIOS_LTDA,NAO,0,0,0,0,0,0
55219228000169,1116_XGR_SOLUCOES_LOGISTICA_LTDA,NAO,0,0,0,0,0,0
55363142000105,1117_VICK14_HOLDING_LTDA,NAO,0,0,0,0,0,0
07516505000152,1124_TRANS-FARINA_LOGISTICA_EIRELI,NAO,0,8,0,0,120,0
07516505000233,1125_TRANS-FARINA_LOGISTICA_EIRELI,NAO,0,0,0,0,328,0
07516505000314,1126_TRANS-FARINA_LOGISTICA_EIRELI,NAO,0,0,0,0,318,0
90378894000302,1127_TRANSPORTES_EMECE_LTDA,NAO,0,3,0,0,0,0
03314552000243,1128_ADDTECH_TECNOLOGIA_LTDA,NAO,0,0,0,0,1,0
57012098002087,1129_TRANSLUTE_TRANSPORTES_RODOVIARIOS_LTDA,NAO,0,0,0,0,0,0
57815198000189,1130_TRANSTOLONI_LTDA,NAO,0,0,0,0,87,0
57465640000194,1131_VIAROMA_LOGISTICA_LTDA,NAO,0,62,0,0,199,0
02484082000112,1132_TRANSPORTES_DALLAPRIA_LTDA,SIM,0,127,0,0,115,0
46891191000200,"1133_LC_CM_TRANSPORTE,_LOGISTICAS_E_ARMAZENS_GERAIS_LTDA",NAO,0,0,0,0,0,0
40108229000169,1134_JME_TRANSPORTES_LTDA,NAO,0,231,0,0,0,0
06097503000294,1135_TRANSPORTADORA_W._F._LTDA,NAO,0,0,0,0,0,0
08698655000278,1137_MHE9_SERVICOS_LOGISTICOS_LTDA,NAO,0,0,0,0,0,0
08698655000359,1138_MHE9_SERVICOS_LOGISTICOS_LTDA,NAO,0,2,0,0,21,0
24960415000337,1140_AGILINK_TRANSPORTE_RODOVIARIO_LTDA,NAO,0,0,0,0,0,0
34394763000186,1141_B2B_LOG_SERVICOS_DE_TRANSPORTES_EIRELI,NAO,0,0,0,0,0,0
59557564000172,1144_ORION_GESTAO_ADMINISTRATIVA_E_LOCACOES_LTDA,NAO,0,0,0,0,0,0
14777477000192,1147_VIAMEX_TRANSPORTES_E_LOGISTICA_LTDA,SIM,0,80,0,0,15361,0
65910374000190,0132_TRANSMAXIMO_TRANSP_RODOVIARIOS_LTDA,NAO,0,10,0,0,507,0
04696445000109,0155_TRANSPORTADORA_ANELOG_LTDA,NAO,0,0,0,0,2,0
64522204000175,0175_TRANS_REID_LOGISTICA_TRANSPORTES_LTDA,NAO,0,10,0,0,4,0
03868760000103,0181_VIVENCIA_EM_CONTEINERES_LTDA,NAO,0,0,0,0,0,0
03349915000103,0184_JAT_TRANSPORTES_E_LOGISTICA_S.A,SIM,0,11,0,0,3924,0
02679312000107,0221_VINCE_TRANSP._TERRAPLENAGEM_E_LOC.LTDA,NAO,0,21,0,0,1,0
00360790000116,0222_CASA_DA_PAZ,NAO,0,10,0,0,4,0
71895023000150,0237_COOPERATIVA_DE_TRANSPORTES_DE_CARGAS_QUIMICAS_E_CORROSIVAS_DE_MAUA,SIM,473,1198,0,0,1789,0
09082724000104,0243_DCAN_TRANSPORTES_LTDA,SIM,0,287,0,0,4242,0
09104847000190,0244_DELTAPORT_TRANSPORTES_LTDA,NAO,0,7,0,0,358,0
06142647000215,0261_GPS_TRANSPORTES_E_LOGISTICA_S_A,NAO,0,0,0,0,303,0
05451797000167,0274_GREEN_ROAD_SOLUCOES_LOGISTICAS_LTDA,NAO,0,0,0,0,0,0
09595314000159,0283_PAULICON_ORGANIZACIONAL_LTDA,NAO,0,0,0,0,0,0
64775927000186,0289_CITA_-_COOP_INTERMODAL_DE_TRANSPORTADORES_AUTONOMOS,NAO,0,0,0,0,0,0
10507896000153,0296_PANMACHINE_COMERCIO_IMPORTACAO_E_EXPORTACAO_LTDA,SIM,0,4,0,0,6,0
10718415000159,0298_CAMPOI_E_TANI_SOCIEDADE_DE_ADVOGADOS,NAO,0,0,0,0,0,0
04045101000130,0330_PIQUETUR_LOG_LOGISTICA_E_TRANSPORTE_LTDA,SIM,0,0,0,0,12955,0
73123549000147,0351_TRANSPORTES_RODO_ALVES_LTDA,NAO,0,21,0,0,0,0
07964447000120,0353_ATA_EXPRESS_LOGISTICA_LTDA,NAO,0,1,0,0,0,0
07670376000152,0355_NAIRA_COMERCIO_DE_EMBALAGENS_E_MATERIAIS_PLASTICOS_LTDA,NAO,0,16,0,0,8,0
12087792000162,0357_ABY_EMPREENDIMENTOSINVESTIMENTOS_E_PARTICIPACOES_LTDA,NAO,0,0,0,0,0,0
43336189000109,0036_COLEGIO_EDUCARE_LTDA,NAO,0,0,0,0,0,0
60541240000125,0371_TECNOLOG_TRANSP.RODO_AEREO_E_LOGIST.LTDA,SIM,0,75,0,0,2319,0
07890229000198,0373_T.H.S._TRANSPORTE_E_LOGISTICA_LTDA,SIM,0,283,0,0,4639,0
60541240000206,0380_TECNOLOG_TRANSPORTE_RODO-AEREO_E_LOGISTICA_LTDA,NAO,0,0,0,0,0,0
60541240000397,0381_TECNOLOG_TRANSPORTE_RODO-AEREO_E_LOG.LTDA,NAO,0,15,0,0,142,0
60541240000478,0382_TECNOLOG_TRANSP.RODO-AEREO_E_LOG.LTDA,SIM,0,3,0,0,31,0
60541240000559,0383_TECNOLOG_TRANSPORTE_RODO-AEREO_E_LOGISTICA_LTDA,SIM,0,13,0,0,350,0
03349915000529,0384_JAT_TRANSPORTES_E_LOGISTICA_S.A,SIM,0,24,0,0,6933,0
49829773000174,0391_TRANSMORALES_TRANSPORTES_RODOVIARIOS_LTDA,NAO,0,0,0,0,0,0
12703573000160,0395_BR_BULK_LOGISTICA_E_TRANSPORTES_LTDA,SIM,0,31,0,0,259,0
51138394000180,0408_TRANSPORTES_MONALIZA_LTDA,NAO,0,0,0,0,0,0
09312934000133,0409_WEBTRAC_SOLUCOES_EM_RASTREAMENTO_LTDA,NAO,0,18,0,0,7,0
08512193000171,0411_FANTIPER_EMPREENDIMENTOS_E_PARTICIPACOES_LTDA,NAO,0,0,0,0,0,0
90378894000221,0416_TRANSPORTES_EMECE_LTDA,NAO,0,16,0,0,47,0
05035364000120,0430_LIVIERO_TRANSPORTES_E_SERVICOS_LTDA,SIM,0,23,0,0,440,0
06218182000158,0445_BT_LOGISTICA_INTEGRADA_LTDA,NAO,0,259,0,0,1475,0
13396845000190,0456_AFT_CARGO_TRANSPORTE_E_DISTRIB_LTDA,NAO,0,50,0,0,131,0
02484082000201,0457_TRANSPORTES_DALLAPRIA_LTDA,NAO,0,1,0,0,171,0
45656568000101,0046_ENGEMETAL_CONSTRUCOES_E_MONTAGENS_LTDA,SIM,0,92,0,0,19,0
18797437000163,0464_TRANSBRASIL_SISTEMA_DE_TRANSPORTES_LTDA,NAO,0,1,0,0,53,0
05451797000248,0474_GREEN_ROAD_SOLUCOES_LOGISTICAS_LTDA,NAO,0,0,0,0,0,0
19364250000139,0478_LAOLETA_AGENCIA_DE_VIAGENS_E_TURISMO_LTDA,NAO,0,0,0,0,0,0
60541240000630,0483_TECNOLOG_TRANSP.RODO-AEREO_E_LOGISTICA_LTDA,NAO,0,2,0,0,89,0
06900988000121,0486_TRANSCONSULT_TRANSPORTES_E_SERVICOS_LTDA,NAO,0,4,0,0,57,0
19163795000187,0495_TAP_TRANSPORTADORA_AUTOMOTIVA_PAULISTANA_LTDA,NAO,0,0,0,0,33,0
20506940000164,0502_SP_LOC_LOCACOES_LTDA,NAO,0,0,0,0,0,0
10798076000168,0506_FULL_TRIP_SERVICOS_ADMINISTRATIVOS_LTDA,NAO,0,0,0,0,0,0
21080365000143,0511_CITA_TRANSPORTES_LTDA,SIM,0,0,0,0,2967,0
00859963000145,0513_TRANSPORTADORA_ASTRA_LTDA,SIM,0,89,0,0,307,0
12441133000182,0522_MR_CUNHA_TRANSPORTES_LTDA,NAO,0,9,0,0,15,0
65969354000194,0524_BACCARELLI_GUINCHOS_E_SERVICOS_LTDA,NAO,0,0,0,0,0,0
59358770000153,0525_TRANS_NEW_ABC_TRANSPORTADORA_LTDA,NAO,0,21,0,0,698,0
22437523000132,0528_TRANSMONALIZA_TRANSPORTES_LTDA,NAO,0,11,0,0,4,0
48584510000341,0533_PAN_METAL_INDUSTRIA_METALURGICA_LTDA,NAO,0,0,0,0,0,0
02767766000121,0534_BBTL_TRANSPORTES_EXPRESSOS_DE_CARGAS_LTDA,NAO,0,0,0,0,526,0
07872634000183,0535_GTRAN_TRANSPORTES_E_LOGISTICA_LIMITADA,SIM,0,0,0,0,414,0
06218182000239,0545_BT_LOGISTICA_INTEGRADA_LTDA,NAO,0,1,0,0,68,0
60541240000710,0571_TECNOLOG_TRANSP.RODO-AEREO_E_LOG_LTDA,NAO,0,2,0,0,593,0
05261084000130,0572_BEST_LOG_SOLUTIONS_LOGISTICA_LTDA,SIM,0,238,0,0,1312,0
06698722000148,0573_DALMAZO_LOGISTICA_TRANSPORTES_LTDA,NAO,0,5,0,0,0,0
05451797000329,0579_GREEN_ROAD_SOLUCOES_LOGISTICAS_LTDA,NAO,0,0,0,0,0,0
03349915000286,0584_JAT_TRANSPORTES_E_LOGISTICA_S.A,SIM,0,0,0,0,12286,0
22519749000182,0591_HARUTOMI_EMPREENDIMENTOS_E_PARTICIPACOES_LTDA,NAO,0,0,0,0,0,0
10723722000128,0595_NISTA_TRANSPORTES_E_SERVICOS_LTDA,NAO,0,27,0,0,119,0
55451140000178,0633_TRANSPORTADORA_FORLUS_LTDA,NAO,0,0,0,0,566,0
20801224000100,0638_KSA_CITY_TRANSPORTES_LTDA,NAO,0,14,0,0,204,0
01838511000140,0640_WORK_CAR_TRANSPORTE_DE_VEICULOS_LTDA,NAO,0,82,0,0,165,0
07823831000102,0641_SOLIDEZ_TRANSPORTE_DE_VEICULOS_LTDA,NAO,0,16,0,0,24,0
06218182000310,0645_BT_LOGISTICA_INTEGRADA_LTDA,NAO,0,0,0,0,0,0
51146710000165,0649_TRANSPORTADORA_EVELYN_LTDA,SIM,0,16,0,0,105,0
06142647000134,0650_GPS_TRANSPORTES_E_LOGISTICA_S_A,SIM,0,4,0,0,1283,0
06142647001297,0651_GPS_TRANSPORTES_E_LOGISTICA_S_A,NAO,0,0,0,0,142,0
06142647000304,0652_GPS_TRANSPORTES_E_LOGISTICA_S_A,NAO,0,2,0,0,304,0
06142647000568,0654_GPS_TRANSPORTES_E_LOGISTICA_S_A,NAO,0,0,0,0,0,0
06142647001106,0655_GPS_TRANSPORTES_E_LOGISTICA_S_A,NAO,0,0,0,0,0,0
06142647001025,0658_GPS_TRANSPORTES_E_LOGISTICA_S_A,NAO,0,0,0,0,0,0
06142647000800,0659_GPS_TRANSPORTES_E_LOGISTICA_S_A,NAO,0,0,0,0,0,0
06142647000649,0660_GPS_TRANSPORTES_E_LOGISTICA_S_A,NAO,0,0,0,0,0,0
06142647000720,0662_GPS_TRANSPORTES_E_LOGISTICA_S_A,NAO,0,0,0,0,0,0
56697287000105,0667_ANAMAR_COMERCIO_E_TRANSPORTES_LTDA,NAO,0,183,0,0,689,0
69050532000130,0668_TRIONON_TRANSPORTES_LTDA,SIM,0,35,0,0,6,0
03349915000367,0684_JAT_TRANSPORTES_E_LOGISTICA_S.A,NAO,0,1,0,0,18,0
31312433000106,0686_FREIRE_&_BURKART_ADVOGADOS_ASSOCIADOS,NAO,0,0,0,0,0,0
23822119000145,0689_ENGLOBA_SISTEMA_E_LOGISTICA_LTDA,NAO,0,0,0,0,0,0
25107934000158,0696_COOPERTRANSROD_COOPERATIVA_DE_SERVICOS_DE_TRANSPORTES_RODOVIARIOS,NAO,0,0,0,0,71,0
28736063000120,0701_MHE9_LOGISTICA_LTDA,SIM,0,180,0,0,1236,0
28509565000118,0706_JHM_LOGISTICA_LTDA.,SIM,0,4,0,0,687,0
15537157000128,0707_SITREX_SISTEMA_INTERNACIONAL_DE_TRANSPORTE_RODOVIARIO_EXPRESSO_LTDA,NAO,0,55,0,0,5,0
21080365000224,0711_CITA_TRANSPORTES_LTDA,NAO,0,3,0,0,0,0
13520755000169,0724_BRASMEG_TRANSPORTES_LTDA,SIM,0,265,0,0,2539,0
13520755000240,0734_BRASMEG_TRANSPORTES_LTDA,NAO,0,15,0,0,456,0
34598345000100,0735_NAUER_TRANSPORTES_LTDA,NAO,0,0,0,0,0,0
26739617000117,0736_NA_MEDIDA_TRANSPORTES_LTDA,NAO,0,0,0,0,0,0
07018012000192,0737_FABRI_LOG_ABC_TRANSPORTES_LTDA,SIM,0,190,0,0,315,0
10860002000104,0738_FABRI_LOG_TRANSPORTES_LTDA,NAO,0,0,0,0,0,0
33852272000179,0740_ATIC_HOLDING_S.A,NAO,0,0,0,0,0,0
06218182000409,0745_BT_LOGISTICA_INTEGRADA_LTDA,NAO,0,3,0,0,28,0
34023781000151,0750_CITALOC_LOGISTICA_LTDA,NAO,0,15,0,0,0,0
29996304000132,0753_BASILICATA_TRANSPORTES_LTDA,SIM,0,36,0,0,0,0
34134006000173,0770_PAULICON_TREINAMENTO_LTDA,NAO,0,0,0,0,0,0
08698655000197,0775_MHE9_SERVICOS_LOGISTICOS_LTDA,NAO,0,6,0,0,739,0
20306967000103,0780_ID_CARGO_BRASIL_LTDA,NAO,0,185,0,0,364,0
20306967000294,0781_ID_CARGO_BRASIL_LTDA,NAO,0,0,0,0,0,0
20306967000375,0782_ID_CARGO_BRASIL_LTDA,SIM,0,32,0,0,38,0
03349915000790,0784_JAT_TRANSPORTES_E_LOGISTICA_S.A,NAO,0,16,0,0,6,0
23635680000115,0786_MHE9_SERVICOS_EM_LOGISTICA_INTERNACIONAL_LTDA,NAO,0,0,0,0,0,0
34746007000179,0789_CENTRAL_SISTEMAS_DE_ENTREGAS_E_LOGISTICA_LTDA,NAO,0,0,0,0,0,0
38333235000178,0799_REVER_TECNOLOGIA_E_SERVICOS_LTDA,NAO,0,2,0,0,0,0
32981852000101,0800_TRANSKOMPA_LOGISTICA_LTDA,NAO,0,4,0,0,0,0
38543323000102,0809_BALDON_ENGEMETAL_ENGENHARIA_LTDA,NAO,0,24,0,0,1,0
21080365000305,0811_CITA_TRANSPORTES_LTDA,NAO,0,5,0,0,0,0
21080365000496,0812_CITA_TRANSPORTES_LTDA,NAO,0,0,0,0,0,0
38710770000109,0814_MARCOS_&_KETCHKECH_TRANSPORTES_LTDA,NAO,0,15,0,0,198,0
01356867000147,0820_E_M_A_MORI_TRANSPORTES_LTDA,NAO,0,0,0,0,0,0
19504553000100,0824_BRASMEG_ARMAZEM_GERAL_LTDA,NAO,0,153,0,0,159,0
03349915001096,0874_JAT_TRANSPORTES_E_LOGISTICA_S.A,NAO,0,62,0,0,81,0
07437523000149,0880_TRANSPORTADORA_DE_CARGAS_LOS_RODRIGUES_LTDA,NAO,0,0,0,0,0,0
07437523000815,0881_TRANSPORTADORA_DE_CARGAS_LOS_RODRIGUES_LTDA,NAO,0,0,0,0,0,0
07437523001200,0882_TRANSPORTADORA_DE_CARGAS_LOS_RODRIGUES_LTDA,NAO,0,0,0,0,0,0
03349915000448,0884_JAT_TRANSPORTES_E_LOGISTICA_S.A,NAO,0,0,0,0,0,0
03349915000600,0484_JAT_TRANSPORTES_E_LOGISTICA_S.A,NAO,0,0,0,0,0,0
22573676000107,0885_LOS_RODRIGUES_TRANSPORTES_LTDA,NAO,0,2,0,0,0,0
41825157000133,0886_TRANSPORTADORA_LR_LTDA,NAO,0,0,0,0,0,0
41302170000108,0887_MEP_LOG_TRANSPORTES_LTDA,NAO,0,80,0,0,3,0
48602650000303,0893_REVESP_TRANSPORTES_E_SERVICOS_LTDA,NAO,0,0,0,0,0,0
11807198000136,0896_LFG_DO_BRASIL_LTDA,SIM,0,69,0,0,498,0
03776089000170,0897_LEADERSHIP_FREIGHT_DO_BRASIL_LTDA,NAO,0,0,0,0,126,0
27418430000184,0898_GSSM_EMPREENDIMENTOS_E_PARTICIPACOES_LTDA,NAO,0,0,0,0,0,0
28736063000391,0901_MHE9_LOGISTICA_LTDA,NAO,0,0,0,0,0,0
29586824000177,0903_DUX_TRANSPORTES_INTERNACIONAIS_LTDA,NAO,0,0,0,0,0,0
12136415000176,0904_DUX_TRUCKING_TRANSPORTES_E_LOGISTICA_LTDA,SIM,0,26,0,0,1834,0
33899204000327,0908_COMTRASIL_COMERCIO_E_TRANSPORTES_LTDA,SIM,0,1022,0,0,429,0
11807198000560,0922_LFG_DO_BRASIL_LTDA,NAO,0,12,0,0,276,0
11807198000489,0923_LFG_DO_BRASIL_LTDA,NAO,0,19,0,0,44,0
11807198000217,0924_LFG_DO_BRASIL_LTDA,NAO,0,5,0,0,188,0
11807198000306,0925_LFG_DO_BRASIL_LTDA,NAO,0,23,0,0,104,0
11807198000640,0926_LFG_DO_BRASIL_LTDA,NAO,0,3,0,0,16,0
44363657000199,0928_AGREGALOG_TRANSPORTES_LTDA,NAO,0,0,0,0,0,0
13520755000320,0934_BRASMEG_TRANSPORTES_LTDA,NAO,0,0,0,0,0,0
04045101000300,0938_PIQUETUR_LOG_LOGISTICA_E_TRANSPORTE_LTDA,NAO,0,0,0,0,0,0
10440380000139,0940_COTRAG_TRANSPORTES_LTDA,NAO,0,115,0,0,112,0
32841151000169,0941_GIBS_TRANSPORTES_E_LOGISTICA_LTDA,NAO,0,32,0,0,3,0
32841151000240,0942_GIBS_TRANSPORTES_E_LOGISTICA_LTDA,NAO,0,0,0,0,0,0
03578450000154,0960_ATG_COMERCIO_E_ASSISTENCIA_TECNICA_LTDA,NAO,0,62,0,0,2,0
12136415000257,0964_DUX_TRUCKING_TRANSPORTES_E_LOGISTICA_LTDA,NAO,0,0,0,0,834,0
46025929000176,0966_PCONTAB_CONTABILIDADE_LTDA,NAO,0,0,0,0,0,0
69050532000210,0968_TRIONON_TRANSPORTES_LTDA,NAO,0,0,0,0,0,0
08858785002355,0971_MAFRO_TRANSPORTES_LTDA,NAO,0,7,0,0,0,0
10528467000162,0972_REIS_DE_FRANCA_TRANSPORTES_LTDA,NAO,0,0,0,0,155,0
12136415000338,0974_DUX_TRUCKING_TRANSPORTES_E_LOGISTICA_LTDA,NAO,0,0,0,0,55,0
01604588000406,0981_BOZZI_LOGISTICA_E_TRANSPORTE_LTDA,NAO,0,13,0,0,10,0
03349915000871,0984_JAT_TRANSPORTES_E_LOGISTICA_S.A,NAO,0,0,0,0,0,0
27641439000150,0986_AFR_LOGISTICA_E_TRANSPORTE_LTDA,NAO,0,0,0,0,0,0
15537157000209,0987_SITREX_SISTEMA_INTERNACIONAL_DE_TRANSPORTE_RODOVIARIO_EXPRESSO_LTDA,SIM,0,59,0,0,26,0
27641439000230,0992_AFR_LOGISTICA_E_TRANSPORTE_LTDA,NAO,0,0,0,0,0,0
27641439000311,0993_AFR_LOGISTICA_E_TRANSPORTE_LTDA,NAO,0,0,0,0,0,0
03349915000952,0994_JAT_TRANSPORTES_E_LOGISTICA_S.A,NAO,0,17,0,0,433,0
12703573000322,0995_BR_BULK_LOGISTICA_E_TRANSPORTES_LTDA.,NAO,0,0,0,0,61,0
15537157000390,0997_SITREX_SISTEMA_INTERNACIONAL_DE_TRANSPORTE_RODOVIARIO_EXPRESSO_LTDA,NAO,0,35,0,0,22,0
55592911000147,1118_ABL_COMERCIO_DE_VEICULOS_E_AERONAVES_E_PARTICIPACOES_LTDA,NAO,0,0,0,0,0,0
06218182000581,1142_BT_LOGISTICA_INTEGRADA_LTDA,NAO,0,0,0,0,0,0
12331289000100,0520_COOPERATIVA_DE_TRANSPORTES_VIARIOS_LTDA,NAO,0,0,0,0,0,0
45956679000125,0519_COOPERATIVA_DOS_TRANSPORTADORES_DE_VEICULOS_E_DE_CARGAS_EM_GERAL,NAO,0,0,0,0,0,0
16616292000121,0440_COOPERESTRADA_COOP.TRANSP.E_LOGIST.,NAO,0,0,0,0,0,0
03188264000109,0412_COOPERSEMO_COOPERATIVA_DE_SERVICOS_DE_TRANSPORTES,NAO,0,0,0,0,0,0
64586464000104,0039_INTERATIVA_COMUNICACAO_E_MARKETING_LTDA,NAO,0,0,0,0,0,0
28736063000200,0801_MHE9_LOGISTICA_LTDA,NAO,0,0,0,0,552,0
28736063000472,0821_MHE9_LOGISTICA_LTDA,NAO,0,1,0,0,724,0
55390458000196,1119_MHYT_ADMINISTRADORA_DE_BENS_PROPRIOS_LTDA,NAO,0,0,0,0,0,0
38480724000152,0802_NILTON_TONIN_JUNIOR_SERVICOS_ADMINISTRATIVOS,NAO,0,0,0,0,0,0
54624788000136,1136_OTA_TRANSPORTES_LTDA,NAO,0,0,0,0,0,0
22629104000100,1085_PAULO_CEZAR_FASSINA_-_ASSESSORIA_ADMINISTRATIVA,NAO,0,0,0,0,0,0
39493405000144,0973_PREMIUM_WORK_LOGISTICA_E_TRANSPORTE_LTDA,NAO,0,83,0,0,104,0
08644400000141,0648_SCALA_PARTICIPACOES_E_EMPREENDIMENTOS_LTDA,NAO,0,0,0,0,0,0
51769749000139,1107_SMR_SERVICOS_E_TRANSPORTES_LTDA,NAO,0,0,0,0,0,0
14878453001100,1143_SOMERLOG_LOGISTICA_E_TRANSPORTES_LTDA,NAO,0,0,0,0,0,0
04744193000146,0300_TRANSGRANEIS_EMPRESA_DE_TRANSPORTES_LTDA,NAO,0,0,0,0,0,0
18583679000154,0503_TRANSPORTE_E_LOGISTICA_SAO_JUDAS_TADEU_LTDA,NAO,0,0,0,0,0,0
